cid,smile,uid,seq
6,C1=CC(=C(C=C1[N+](=O)[O-])[N+](=O)[O-])Cl,P16455,MDKDCEMKRTTLDSPLGKLELSGCEQGLHEIKLLGKGTSAADAVEVPAPAAVLGGPEPLMQCTAWLNAYFHQPEAIEEFPVPALHHPVFQQESFTRQVLWKLLKVVKFGEVISYQQLAALAGNPKAARAVGGAMRGNPVPILIPCHRVVCSSGAVGNYSGGLAVKEWLLAHEGHRLGKPGLGGSSGLAGAWLKGAGATSGSPPAGRN
6,C1=CC(=C(C=C1[N+](=O)[O-])[N+](=O)[O-])Cl,P09211,MPPYTVVYFPVRGRCAALRMLLADQGQSWKEEVVTVETWQEGSLKASCLYGQLPKFQDGDLTLYQSNTILRHLGRTLGLYGKDQQEAALVDMVNDGVEDLRCKYISLIYTNYEAGKDDYVKALPGQLKPFETLLSQNQGGKTFIVGDQISFADYNLLDLLLIHEVLAPGCLDAFPLLSAYVGRLSARPKLKAFLASPEYVNLPINGNGKQ
19,C1=CC(=C(C(=C1)O)O)C(=O)O,P80188,MPLGLLWLGLALLGALHAQAQDSTSDLIPAPPLSKVPLQQNFQDNQFQGKWYVVGLAGNAILREDKDPQKMYATIYELKEDKSYNVTSVLFRKKKCDYWIRTFVPGCQPGEFTLGNIKSYPGLTSYLVRVVSTNYNQHAMVFFKKVSQNREYFKITLYGRTKELTSELKENFIRFSKSLGLPENHIVFPVPIDQCIDG
19,C1=CC(=C(C(=C1)O)O)C(=O)O,P40871,MLKGFTPWPDELAETYRKNGCWAGETFGDLLRDRAAKYGDRIAITCGNTHWSYRELDTRADRLAAGFQKLGIQQMDRVVVQLPNIKEFFEVIFALFRLGALPVFALPSHRSSEITYFCEFAEAAAYIIPDAYSGFDYRSLARQVQSKLPTLKNIIVAGEAEEFLPLEDLHAEPVKLPEVKSSDVAFLQLSGGSTGLSKLIPRTHDDYIYSLKRSVEVCWLDHSTVYLAALPMAHNYPLSSPGVLGVLYAGGRVVLSPSPSPDDAFPLIEREKVTITALVPPLAMVWMDAASSRRDDLSSLQVLQVGGAKFSAEAARRVKAVFGCTLQQVFGMAEGLVNYTRLDDPEEIIVNTQGKPMSPYDEMRVWDDHDRDVKPGETGHLLTRGPYTIRGYYKAEEHNAASFTEDGFYRTGDIVRLTRDGYIVVEGRAKDQINRGGEKVAAEEVENHLLAHPAVHDAAMVSMPDQFLGERSCVFIIPRDEAPKAAELKAFLRERGLAAYKIPDRVEFVESFPQTGVGKVSKKALREAISEKLLAGFKK
36,CC(C)C(C(C(=O)O)O)C(=O)O,P08200,MESKVVVPAQGKKITLQNGKLNVPENPIIPYIEGDGIGVDVTPAMLKVVDAAVEKAYKGERKISWMEIYTGEKSTQVYGQDVWLPAETLDLIREYRVAIKGPLTTPVGGGIRSLNVALRQELDLYICLRPVRYYQGTPSPVKHPELTDMVIFRENSEDIYAGIEWKADSADAEKVIKFLREEMGVKKIRFPEHCGIGIKPCSEEGTKRLVRAAIEYAIANDRDSVTLVHKGNIMKFTEGAFKDWGYQLAREEFGGELIDGGPWLKVKNPNTGKEIVIKDVIADAFLQQILLRPAEYDVIACMNLNGDYISDALAAQVGGIGIAPGANIGDECALFEATHGTAPKYAGQDKVNPGSIILSAEMMLRHMGWTEAADLIVKGMEGAINAKTVTYDFERLMDGAKLLKCSEFGDAIIENM
36,CC(C)C(C(C(=O)O)O)C(=O)O,Q56268,MKKIAIFAGDGIGPEIVAAARQVLDAVDQAAHLGLRCTEGLVGGAALDASDDPLPAASLQLAMAADAVILGAVGGPRWDAYPPAKRPEQGLLRLRKGLDLYANLRPAQIFPQLLDASPLRPELVRDVDILVVRELTGDIYFGQPRGLEVIDGKRRGFNTMVYDEDEIRRIAHVAFRAAQGRRKQLCSVDKANVLETTRLWREVVTEVARDYPDVRLSHMYVDNAAMQLIRAPAQFDVLLTGNMFGDILSDEASQLTGSIGMLPSASLGEGRAMYEPIHGSAPDIAGQDKANPLATILSVAMMLRHSLNAEPWAQRVEAAVQRVLDQGLRTADIAAPGTPVIGTKAMGAAVVNALNLKD
38,CC(C)(CO)C(=O)C(=O)O,P31057,MKPTTISLLQKYKQEKKRFATITAYDYSFAKLFADEGLNVMLVGDSLGMTVQGHDSTLPVTVADIAYHTAAVRRGAPNCLLLADLPFMAYATPEQAFENAATVMRAGANMVKIEGGEWLVETVQMLTERAVPVCGHLGLTPQSVNIFGGYKVQGRGDEAGDQLLSDALALEAAGAQLLVLECVPVELAKRITEALAIPVIGIGAGNVTDGQILVMHDAFGITGGHIPKFAKNFLAETGDIRAAVRQYMAEVESGVYPGEEHSFH
44,C(C(=O)[O-])(C(=O)[O-])O,P23368,MLSRLRVVSTTCTLACRHLHIKEKGKPLMLNPRTNKGMAFTLQERQMLGLQGLLPPKIETQDIQALRFHRNLKKMTSPLEKYIYIMGIQERNEKLFYRILQDDIESLMPIVYTPTVGLACSQYGHIFRRPKGLFISISDRGHVRSIVDNWPENHVKAVVVTDGERILGLGDLGVYGMGIPVGKLCLYTACAGIRPDRCLPVCIDVGTDNIALLKDPFYMGLYQKRDRTQQYDDLIDEFMKAITDRYGRNTLIQFEDFGNHNAFRFLRKYREKYCTFNDDIQGTAAVALAGLLAAQKVISKPISEHKILFLGAGEAALGIANLIVMSMVENGLSEQEAQKKIWMFDKYGLLVKGRKAKIDSYQEPFTHSAPESIPDTFEDAVNILKPSTIIGVAGAGRLFTPDVIRAMASINERPVIFALSNPTAQAECTAEEAYTLTEGRCLFASGSPFGPVKLTDGRVFTPGQGNNVYIFPGVALAVILCNTRHISDSVFLEAAKALTSQLTDEELAQGRLYPPLANIQEVSINIAIKVTEYLYANKMAFRYPEPEDKAKYVKERTWRSEYDSLLPDVYEWPESASSPPVITE
44,C(C(=O)[O-])(C(=O)[O-])O,Q16798,MGAALGTGTRLAPWPGRACGALPRWTPTAPAQGCHSKPGPARPVPLKKRGYDVTRNPHLNKGMAFTLEERLQLGIHGLIPPCFLSQDVQLLRIMRYYERQQSDLDKYIILMTLQDRNEKLFYRVLTSDVEKFMPIVYTPTVGLACQHYGLTFRRPRGLFITIHDKGHLATMLNSWPEDNIKAVVVTDGERILGLGDLGCYGMGIPVGKLALYTACGGVNPQQCLPVLLDVGTNNEELLRDPLYIGLKHQRVHGKAYDDLLDEFMQAVTDKFGINCLIQFEDFANANAFRLLNKYRNKYCMFNDDIQGTASVAVAGILAALRITKNKLSNHVFVFQGAGEAAMGIAHLLVMALEKEGVPKAEATRKIWMVDSKGLIVKGRSHLNHEKEMFAQDHPEVNSLEEVVRLVKPTAIIGVAAIAGAFTEQILRDMASFHERPIIFALSNPTSKAECTAEKCYRVTEGRGIFASGSPFKSVTLEDGKTFIPGQGNNAYVFPGVALGVIAGGIRHIPDEIFLLTAEQIAQEVSEQHLSQGRLYPPLSTIRDVSLRIAIKVLDYAYKHNLASYYPEPKDKEAFVRSLVYTPDYDSFTLDSYTWPKEAMNVQTV
49,CC(C)C(=O)C(=O)O,O15382,MAAAALGQIWARKLLSVPWLLCGPRRYASSSFKAADLQLEMTQKPHKKPGPGEPLVFGKTFTDHMLMVEWNDKGWGQPRIQPFQNLTLHPASSSLHYSLQLFEGMKAFKGKDQQVRLFRPWLNMDRMLRSAMRLCLPSFDKLELLECIRRLIEVDKDWVPDAAGTSLYVRPVLIGNEPSLGVSQPTRALLFVILCPVGAYFPGGSVTPVSLLADPAFIRAWVGGVGNYKLGGNYGPTVLVQQEALKRGCEQVLWLYGPDHQLTEVGTMNIFVYWTHEDGVLELVTPPLNGVILPGVVRQSLLDMAQTWGEFRVVERTITMKQLLRALEEGRVREVFGSGTACQVCPVHRILYKDRNLHIPTMENGPELILRFQKELKEIQYGIRAHEWMFPV
49,CC(C)C(=O)C(=O)O,P9WQB3,MTTSESPDAYTESFGAHTIVKPAGPPRVGQPSWNPQRASSMPVNRYRPFAEEVEPIRLRNRTWPDRVIDRAPLWCAVDLRDGNQALIDPMSPARKRRMFDLLVRMGYKEIEVGFPSASQTDFDFVREIIEQGAIPDDVTIQVLTQCRPELIERTFQACSGAPRAIVHFYNSTSILQRRVVFRANRAEVQAIATDGARKCVEQAAKYPGTQWRFEYSPESYTGTELEYAKQVCDAVGEVIAPTPERPIIFNLPATVEMTTPNVYADSIEWMSRNLANRESVILSLHPHNDRGTAVAAAELGFAAGADRIEGCLFGNGERTGNVCLVTLGLNLFSRGVDPQIDFSNIDEIRRTVEYCNQLPVHERHPYGGDLVYTAFSGSHQDAINKGLDAMKLDADAADCDVDDMLWQVPYLPIDPRDVGRTYEAVIRVNSQSGKGGVAYIMKTDHGLSLPRRLQIEFSQVIQKIAEGTAGEGGEVSPKEMWDAFAEEYLAPVRPLERIRQHVDAADDDGGTTSITATVKINGVETEISGSGNGPLAAFVHALADVGFDVAVLDYYEHAMSAGDDAQAAAYVEASVTIASPAQPGEAGRHASDPVTIASPAQPGEAGRHASDPVTSKTVWGVGIAPSITTASLRAVVSAVNRAAR
49,CC(C)C(=O)C(=O)O,Q9JZW6,MITVNTLQKMKAAGEKIAMLTAYESSFAALMDDAGVEMLLVGDSLGMAVQGRKSTLPVSLRDMCYHTECVARGAKNAMIVSDLPFGAYQQSKEQAFAAAAELMAAGAHMVKLEGGVWMAETTEFLQMRGIPVCAHIGLTPQSVFAFGGYKVQGRGGKAQALLNDAKAHDDAGAAVVLMECVLAELAKKVTETVSCPTIGIGAGADCDGQVLVMHDMLGIFPGKTAKFVKNFMQGHDSVQAAVRAYVAEVKAKTFPAAEHIFAD
49,CC(C)C(=O)C(=O)O,P18548,MDTTVPTFSLAELQQGLHQDEFRRCLRDKGLFYLTDCGLTDTELKSAKDLVIDFFEHGSEAEKRAVTSPVPTMRRGFTGLESESTAQITNTGSYSDYSMCYSMGTADNLFPSGDFERIWTQYFDRQYTASRAVAREVLRATGTEPDGGVEAFLDCEPLLRFRYFPQVPEHRSAEEQPLRMAPHYDLSMVTLIQQTPCANGFVSLQAEVGGAFTDLPYRPDAVLVFCGAIATLVTGGQVKAPRHHVAAPRRDQIAGSSRTSSVFFLRPNADFTFSVPLARECGFDVSLDGETATFQDWIGGNYVNIRRTSKA
58,CCC(=O)C(=O)O,Q00740,MNLQRFPRYPLTFGPTPIQPLARLSKHLGGKVHLYAKREDCNSGLAFGGNKTRKLEYLIPEALAQGCDTLVSIGGIQSNQTRQVAAVAAHLGMKCVLVQENWVNYSDAVYDRVGNIQMSRILGADVRLVPDGFDIGFRRSWEDALESVRAAGGKPYAIPAGCSDHPLGGLGFVGFAEEVRAQEAELGFKFDYVVVCSVTGSTQAGMVVGFAADGRADRVIGVDASAKPAQTREQITRIARQTAEKVGLERDIMRADVVLDERFAGPEYGLPNEGTLEAIRLCARTEGMLTDPVYEGKSMHGMIEMVRNGEFPEGSRVLYAHLGGVPALNGYSFIFRDG
58,CCC(=O)C(=O)O,Q70AC7,MSPREIEVSEPREVGITELVLRDAHQSLMATRMAMEDMVGACADIDAAGYWSVECWGGATYDSCIRFLNEDPWERLRTFRKLMPNSRLQMLLRGQNLLGYRHYNDEVVDRFVDKSAENGMDVFRVFDAMNDPRNMAHAMAAVKKAGKHAQGTICYTISPVHTVEGYVKLAGQLLDMGADSIALKDMAALLKPQPAYDIIKAIKDTYGQKTQINLHCHSTTGVTEVSLMKAIEAGVDVVDTAISSMSLGPGHNPTESVAEMLEGTGYTTNLDYDRLHKIRDHFKAIRPKYKKFESKTLVDTSIFKSQIPGGMLSNMESQLRAQGAEDKMDEVMAEVPRVRKAAGFPPLVTPSSQIVGTQAVFNVMMGEYKRMTGEFADIMLGYYGASPADRDPKVVKLAEEQSGKKPITQRPADLLPPEWEKQSKEAATLKGFNGTDEDVLTYALFPQVAPVFFEHRAEGPHSVALTDAQLKAEAEGDEKSLAVAGPVTYNVNVGGTVREVTVQQA
70,CC(C)CC(=O)C(=O)O,P18548,MDTTVPTFSLAELQQGLHQDEFRRCLRDKGLFYLTDCGLTDTELKSAKDLVIDFFEHGSEAEKRAVTSPVPTMRRGFTGLESESTAQITNTGSYSDYSMCYSMGTADNLFPSGDFERIWTQYFDRQYTASRAVAREVLRATGTEPDGGVEAFLDCEPLLRFRYFPQVPEHRSAEEQPLRMAPHYDLSMVTLIQQTPCANGFVSLQAEVGGAFTDLPYRPDAVLVFCGAIATLVTGGQVKAPRHHVAAPRRDQIAGSSRTSSVFFLRPNADFTFSVPLARECGFDVSLDGETATFQDWIGGNYVNIRRTSKA
70,CC(C)CC(=O)C(=O)O,P17584,MKIIAYGARVDEIQYFKQWAKDTGNTLEYHTEFLDENTVEWAKGFDGINSLQTTPYAAGVFEKMHAYGIKFLTIRNVGTDNIDMTAMKQYGIRLSNVPAYSPAAIAEFALTDTLYLLRNMGKVQAQLQAGDYEKAGTFIGKELGQQTVGVMGTGHIGQVAIKLFKGFGAKVIAYDPYPMKGDHPDFDYVSLEDLFKQSDVIDLHVPGIEQNTHIINEAAFNLMKPGAIVINTARPNLIDTQAMLSNLKSGKLAGVGIDTYEYETEDLLNLAKHGSFKDPLWDELLGMPNVVLSPHIAYYTETAVHNMVYFSLQHLVDFLTKGETSTEVTGPAK
86,C1=CC(=C(C(=C1)O)N)C(=O)O,Q51792,MHNYVIIDAFASVPLEGNPVAVFFDADDLPPAQMQRIAREMNLSESTFVLKPRNGGDALIRIFTPVNELPFAGHPLLGTAIALGAHTDNHRLYLETQMGTIAFELERQNGSVIAASMDQPIPTWTALGRDAELLKALGISDSTFPIEIYHNGPRHVFVGLPSIDALSALHPDHRALSNFHDMAINCFAGAGRRWRSRMFSPAYGVVEDAATGSAAGPLAIHLARHGQIEFGQPVEILQGVEIGRPSLMFAKAEGRAEQLTRVEVSGNGVTFGRGTIVL
96,CC(=O)CC(=O)O,P16930,MSFIPVAEDSDFPIHNLPYGVFSTRGDPRPRIGVAIGDQILDLSIIKHLFTGPVLSKHQDVFNQPTLNSFMGLGQAAWKEARVFLQNLLSVSQARLRDDTELRKCAFISQASATMHLPATIGDYTDFYSSRQHATNVGIMFRDKENALMPNWLHLPVGYHGRASSVVVSGTPIRRPMGQMKPDDSKPPVYGACKLLDMELEMAFFVGPGNRLGEPIPISKAHEHIFGMVLMNDWSARDIQKWEYVPLGPFLGKSFGTTVSPWVVPMDALMPFAVPNPKQDPRPLPYLCHDEPYTFDINLSVNLKGEGMSQAATICKSNFKYMYWTMLQQLTHHSVNGCNLRPGDLLASGTISGPEPENFGSMLELSWKGTKPIDLGNGQTRKFLLDGDEVIITGYCQGDGYRIGFGQCAGKVLPALLPS
107,C1=CC=C(C=C1)CCC(=O)O,P00509,MFENITAAPADPILGLADLFRADERPGKINLGIGVYKDETGKTPVLTSVKKAEQYLLENETTKNYLGIDGIPEFGRCTQELLFGKGSALINDKRARTAQTPGGTGALRVAADFLAKNTSVKRVWVSNPSWPNHKSVFNSAGLEVREYAYYDAENHTLDFDALINSLNEAQAGDVVLFHGCCHNPTGIDPTLEQWQTLAQLSVEKGWLPLFDFAYQGFARGLEEDAEGLRAFAAMHKELIVASSYSKNFGLYNERVGACTLVAADSETVDRAFSQMKAAIRANYSNPPAHGASVVATILSNDALRAIWEQELTDMRQRIQRMRQLFVNTLQEKGANRDFSFIIKQNGMFSFSGLTKEQVLRLREEFGVYAVASGRVNVAGMTPDNMAPLCEAIVAVL
107,C1=CC=C(C=C1)CCC(=O)O,P95468,MLGNLKPQAPDKILALMGEFRADPRQGKIDLGVGVYKDATGHTPIMRAVHAAEQRMLETETTKTYAGLSGEPEFQKAMGELILGDGLKSETTATLATVGGTGALRQALELARMANPDLRVFVSDPTWPNHVSIMNFMGLPVQTYRYFDAETRGVDFEGMKADLAAAKKGDMVLLHGCCHNPTGANLTLDQWAEIASILEKTGALPLIDLAYQGFGDGLEEDAAGTRLIASRIPEVLIAASCSKNFGIYRERTGCLLALCADAATRELAQGAMAFLNRQTYSFPPFHGAKIVSTVLTTPELRADWMAELEAVRSGMLRLREQLAGELRDLSGSDRFGFVAEHRGMFSRLGATPEQVKRIKEEFGIYMVGDSRINIAGLNDNTIPILARAIIEVGV
